OBJECTID,TEHSIL,DISTRICT,STATE,VILLAGE,Shape_Leng,Shape_Area,REALTEHSIL
6,PIPLI,KURUKSHETRA,HARYANA,MATHANA,19153.2141413,14072597.6707,THANESAR
829,THANESAR,KURUKSHETRA,HARYANA,ALAMPUR,6262.22482382,2065212.22926,THANESAR
830,THANESAR,KURUKSHETRA,HARYANA,DIYALPUR,10088.5063602,2247096.96659,THANESAR
831,THANESAR,KURUKSHETRA,HARYANA,SAMSIPUR,10622.1555419,3867023.18854,THANESAR
832,PIPLI,KURUKSHETRA,HARYANA,KHERI MARKANDA,7043.29795923,1344819.38688,THANESAR
833,PIPLI,KURUKSHETRA,HARYANA,AMARGARH MAJHARA,5279.58732029,1042327.87092,THANESAR
834,PIPLI,KURUKSHETRA,HARYANA,SIRSAMA,8691.63573253,3628837.32347,THANESAR
835,PIPLI,KURUKSHETRA,HARYANA,DAULATPUR,8108.15339171,2664804.12839,THANESAR
836,PIPLI,KURUKSHETRA,HARYANA,DEVIDASPUR,5335.65242369,1585025.53811,THANESAR
837,PIPLI,KURUKSHETRA,HARYANA,PIPLI,6832.95888791,1889482.03429,THANESAR
838,PIPLI,KURUKSHETRA,HARYANA,BIR PIPLI,13221.8768803,3429907.32896,THANESAR
839,PIPLI,KURUKSHETRA,HARYANA,SHADIPUR NAWABA,8698.78768423,1800806.06414,THANESAR
840,PIPLI,KURUKSHETRA,HARYANA,RATTAN DERA,8192.92606402,3392965.3465,THANESAR
841,PIPLI,KURUKSHETRA,HARYANA,PARTAPGARH,8770.10919901,1875266.72323,THANESAR
842,PIPLI,KURUKSHETRA,HARYANA,SHADIPUR SHAHABAD,7133.70023753,2662758.71438,THANESAR
843,THANESAR,KURUKSHETRA,HARYANA,ADHAUN,8863.0156979,4027290.58908,THANESAR
844,PIPLI,KURUKSHETRA,HARYANA,PALWAL,8065.27803568,3249164.46114,THANESAR
845,THANESAR,KURUKSHETRA,HARYANA,KHERI BRAHMAN,4474.06726912,1092525.04855,THANESAR
846,THANESAR,KURUKSHETRA,HARYANA,KHERI RAMNAGAR,7108.48074835,2680455.19227,THANESAR
847,THANESAR,KURUKSHETRA,HARYANA,CHANDERBHANPUR,5904.38564108,2015137.78304,THANESAR
848,THANESAR,KURUKSHETRA,HARYANA,SALARPUR,4457.08648866,1280290.80431,THANESAR
849,THANESAR,KURUKSHETRA,HARYANA,ISHARPUR,6733.29807962,2009032.95631,THANESAR
850,THANESAR,KURUKSHETRA,HARYANA,FATUPUR,12296.905811,5252385.09928,THANESAR
851,THANESAR,KURUKSHETRA,HARYANA,JHINJARPUR,13124.7103521,6677563.85434,THANESAR
852,THANESAR,KURUKSHETRA,HARYANA,HATHIRA,10564.5921914,6153919.878829999,THANESAR
853,THANESAR,KURUKSHETRA,HARYANA,KIRMACH,23546.7870907,22144949.2831,THANESAR
854,THANESAR,KURUKSHETRA,HARYANA,SHADIPUR LADWA,4918.79990573,1171092.13865,THANESAR
3511,PIPLI,KURUKSHETRA,HARYANA,CHHARPUR,5333.14501238,1688845.28241,THANESAR
3512,PIPLI,KURUKSHETRA,HARYANA,BIR MATHANA,5737.7373082,1626058.05796,THANESAR
3513,THANESAR,KURUKSHETRA,HARYANA,KAINTHAL KALAN,5405.1670626,1791795.95157,THANESAR
3514,PIPLI,KURUKSHETRA,HARYANA,KISHANGARH,6599.36493863,1721824.35425,THANESAR
3515,ISMAILABAD,KURUKSHETRA,HARYANA,LOTNI,8323.70063965,2768839.41168,PEHOWA
3516,LADWA,KURUKSHETRA,HARYANA,DHUDI,5582.74132975,1329225.07483,LADWA
3517,LADWA,KURUKSHETRA,HARYANA,DUDHA,6869.08286498,2130016.0354,LADWA
3518,LADWA,KURUKSHETRA,HARYANA,SONTI,6313.75860923,1927727.1354,THANESAR
3519,PIPLI,KURUKSHETRA,HARYANA,GOVIND MAJRA,8696.37934623,3948451.76563,THANESAR
3520,ISMAILABAD,KURUKSHETRA,HARYANA,MALAKPUR,11208.1240369,6099834.94959,PEHOWA
3521,THANESAR,KURUKSHETRA,HARYANA,JOGNA KHERA,8515.35309615,3492606.99951,THANESAR
3522,PIPLI,KURUKSHETRA,HARYANA,HARIA PUR,8874.25459604,1708909.26496,THANESAR
3523,PEHOWA,KURUKSHETRA,HARYANA,BHERIAN,6366.56831103,2169631.47008,PEHOWA
3524,PIPLI,KURUKSHETRA,HARYANA,WAZIDPUR,7796.43749068,2882856.97313,THANESAR
3525,SHAHABAD,KURUKSHETRA,HARYANA,NARAYANGARH,4303.19739905,1177514.57733,SHAHABAD
3526,PEHOWA,KURUKSHETRA,HARYANA,DHULGARH,9099.8326089,1776728.16953,PEHOWA
3527,THANESAR,KURUKSHETRA,HARYANA,BICHGAWAN,10702.6457944,6065093.80928,THANESAR
3528,LADWA,KURUKSHETRA,HARYANA,BHALARI,5450.81845491,911336.387748,LADWA
3529,LADWA,KURUKSHETRA,HARYANA,JAINPUR,9229.82542774,4077301.25608,LADWA
3530,ISMAILABAD,KURUKSHETRA,HARYANA,NURPUR BUCHKI,3734.71557481,757554.047978,ISMAILABAD
3531,SHAHABAD,KURUKSHETRA,HARYANA,MOJA HANDO MAJRA,3406.89334741,476154.803857,
3532,PIPLI,KURUKSHETRA,HARYANA,KURUKSHETRA,31810.8207106,26960124.522100005,
3533,SHAHABAD,KURUKSHETRA,HARYANA,MOHANPUR,2354.90544382,290320.06385,SHAHABAD
3534,BABAIN,KURUKSHETRA,HARYANA,BINT,8966.3978589,2594774.07393,BABAIN
3535,BABAIN,KURUKSHETRA,HARYANA,BIR KALWA,10490.7540934,2802307.55996,BABAIN
3536,SHAHABAD,KURUKSHETRA,HARYANA,TIGRI,6243.25430042,1966083.81983,SHAHABAD
3537,PEHOWA,KURUKSHETRA,HARYANA,GALEDWA,7276.54596436,2998677.76355,PEHOWA
3538,LADWA,KURUKSHETRA,HARYANA,DHANDLA,8391.03165875,2508543.18738,LADWA
3539,ISMAILABAD,KURUKSHETRA,HARYANA,TABRAH,5699.89790573,1813971.00065,ISMAILABAD
3540,BABAIN,KURUKSHETRA,HARYANA,PHALSAKDA JATTAN,5324.7770004,1438618.77438,BABAIN
3541,SHAHABAD,KURUKSHETRA,HARYANA,JHAROLI KHURD,7982.19493388,3672675.44829,SHAHABAD
3542,LADWA,KURUKSHETRA,HARYANA,GAROLA,4973.23976376,1308467.24036,LADWA
3543,SHAHABAD,KURUKSHETRA,HARYANA,YARI,7528.96168657,3467856.18707,SHAHABAD
3544,SHAHABAD,KURUKSHETRA,HARYANA,MUGHAL MAJRA,6548.40888504,2198575.79342,SHAHABAD
3545,PEHOWA,KURUKSHETRA,HARYANA,CHHAJUPUR,9339.55200229,2822282.83988,PEHOWA
3546,LADWA,KURUKSHETRA,HARYANA,DUGAHERI,5543.33727039,1483423.33037,LADWA
3547,SHAHABAD,KURUKSHETRA,HARYANA,GULAB GARH,3766.39233308,516290.265576,SHAHABAD
3548,ISMAILABAD,KURUKSHETRA,HARYANA,SHIRI NAGAR,7042.20378157,1655615.16872,PEHOWA
3549,SHAHABAD,KURUKSHETRA,HARYANA,RAIPUR,7476.18128782,2292138.49648,SHAHABAD
3550,PIPLI,KURUKSHETRA,HARYANA,SAMANI,7142.8185945,3045349.48139,THANESAR
3551,THANESAR,KURUKSHETRA,HARYANA,CHIBA,10145.8056133,5888129.9371,THANESAR
3552,LADWA,KURUKSHETRA,HARYANA,SHAHZADPUR,2692.44923859,229759.844118,LADWA
3553,PIPLI,KURUKSHETRA,HARYANA,UNTSAAL,6882.53503656,2435451.06116,THANESAR
3554,PIPLI,KURUKSHETRA,HARYANA,SHADIPUR SHAHIDA,6762.66997962,1708520.44119,THANESAR
3555,LADWA,KURUKSHETRA,HARYANA,BRAHAN,10052.7358287,2880239.50341,LADWA
3556,SHAHABAD,KURUKSHETRA,HARYANA,RATANGARH,11328.3297065,2523818.56145,SHAHABAD
3557,SHAHABAD,KURUKSHETRA,HARYANA,JOGI MAJRA,4521.6121483,1116761.79861,SHAHABAD
3558,BABAIN,KURUKSHETRA,HARYANA,TATKA,6885.89543467,1367494.4419,BABAIN
3559,THANESAR,KURUKSHETRA,HARYANA,DODHA KHERI,7310.45088596,1812921.30957,THANESAR
3560,PIPLI,KURUKSHETRA,HARYANA,MUKARPUR,6538.27524794,2192412.43828,THANESAR
3561,THANESAR,KURUKSHETRA,HARYANA,BALAHI,10024.5005322,4677971.40694,THANESAR
3562,PEHOWA,KURUKSHETRA,HARYANA,GARI LANGRI,8107.79806444,2742775.05364,PEHOWA
3563,BABAIN,KURUKSHETRA,HARYANA,DHANANI,7367.97225098,2257577.31361,BABAIN
3564,SHAHABAD,KURUKSHETRA,HARYANA,KAHAN GARH,5095.49382821,1281081.28224,SHAHABAD
3565,LADWA,KURUKSHETRA,HARYANA,SAMALKHA,5386.97753035,1559874.06875,LADWA
3566,SHAHABAD,KURUKSHETRA,HARYANA,MAHIDUDEENPUR,9499.35927811,2511915.63273,SHAHBAD
3567,THANESAR,KURUKSHETRA,HARYANA,MALAKPUR,6963.37334585,2904072.3226,THANESAR
3568,PEHOWA,KURUKSHETRA,HARYANA,NEEMBWALA,7206.36339988,3284858.66838,PEHOWA
3569,BABAIN,KURUKSHETRA,HARYANA,BERTHALI,6497.98681214,1856449.33306,SHAHABAD
3570,PEHOWA,KURUKSHETRA,HARYANA,SAIDPUR SHAHIDAN,8496.07036673,3372440.82556,ISMAILABAD
3571,PIPLI,KURUKSHETRA,HARYANA,MUNYARPUR,4328.68169979,1033963.94005,THANESAR
3572,THANESAR,KURUKSHETRA,HARYANA,SANEDI KHALSHA,9601.20154628,4455530.99055,THANESAR
3573,LADWA,KURUKSHETRA,HARYANA,BHALAR,7861.89625096,1660047.94875,LADWA
3574,BABAIN,KURUKSHETRA,HARYANA,HAMIDPUR,4051.0057813,922995.29188,BABAIN
3575,SHAHABAD,KURUKSHETRA,HARYANA,RAMNAGAR,5583.28090118,1049768.63586,SHAHABAD
3576,BABAIN,KURUKSHETRA,HARYANA,RAMSARAN MAJRA,14054.9210354,6384626.53952,BABAIN
3577,BABAIN,KURUKSHETRA,HARYANA,KANUNI,3424.43912149,642879.195668,BABAIN
3578,BABAIN,KURUKSHETRA,HARYANA,KALWA,1662.51812533,118009.216611,BABAIN
3579,THANESAR,KURUKSHETRA,HARYANA,DARAKHERA,3737.1238088,478752.978833,THANESAR
3580,PIPLI,KURUKSHETRA,HARYANA,MUSAPUR,4897.74413692,1319147.35001,THANESAR
3581,PIPLI,KURUKSHETRA,HARYANA,SANWALA,10738.3711628,5605032.27748,THANESAR
3582,PIPLI,KURUKSHETRA,HARYANA,KHANPUR  KOLIAN,8785.03967606,4527067.13977,THANESAR
3583,BABAIN,KURUKSHETRA,HARYANA,KHIRKI VIRAN,6944.00163643,1188844.76199,BABAIN
3584,PEHOWA,KURUKSHETRA,HARYANA,KHERI  SHAHIDAN,7404.25803603,2106431.62734,ISMAILABAD
3585,SHAHABAD,KURUKSHETRA,HARYANA,CHHAPRI,7681.63569337,2290129.20923,SHAHABAD
3586,SHAHABAD,KURUKSHETRA,HARYANA,KHANPUR JATTAN,11065.2436088,2364093.53959,SHAHABAD
3587,SHAHABAD,KURUKSHETRA,HARYANA,DHARAMGARH,4507.48102027,635489.517596,SHAHABAD
3588,SHAHABAD,KURUKSHETRA,HARYANA,MALIKPUR,6027.02028964,1277255.72311,SHAHABAD
3589,SHAHABAD,KURUKSHETRA,HARYANA,MUHDUDANA,4071.18969036,749155.350804,SHAHABAD
3590,SHAHABAD,KURUKSHETRA,HARYANA,NAGLA,8759.18402757,3912081.45769,SHAHABAD
3591,SHAHABAD,KURUKSHETRA,HARYANA,BORIPUR,3692.48106184,682109.260308,SHAHABAD
3592,SHAHABAD,KURUKSHETRA,HARYANA,JAINPUR,7080.61674534,1965581.93018,SHAHABAD
3593,ISMAILABAD,KURUKSHETRA,HARYANA,DALLA MAJRA,6800.61645128,1287776.61119,SHAHABAD
3594,ISMAILABAD,KURUKSHETRA,HARYANA,AJRAWAR,8635.05377025,4288501.68063,ISMAILABAD
3595,ISMAILABAD,KURUKSHETRA,HARYANA,GORKHA,7193.94649777,2232266.36715,ISMAILABAD
3596,ISMAILABAD,KURUKSHETRA,HARYANA,BABAKPUR,4007.71811352,1027849.17034,ISMAILABAD
3597,ISMAILABAD,KURUKSHETRA,HARYANA,MAJRI KALAN,4338.55883446,875297.779528,ISMAILABAD
3598,ISMAILABAD,KURUKSHETRA,HARYANA,MAJRI KHURD,4089.61081315,594810.578516,ISMAILABAD
3599,ISMAILABAD,KURUKSHETRA,HARYANA,ROHTI,7986.88858745,3052863.29028,ISMAILABAD
3600,THANESAR,KURUKSHETRA,HARYANA,GOGPUR,9979.12069631,3846036.18626,THANESAR
3601,ISMAILABAD,KURUKSHETRA,HARYANA,DUNIYA MAJRA,10321.3462709,2643462.86227,PEHOWA
3602,ISMAILABAD,KURUKSHETRA,HARYANA,KHANJARPUR,5389.90649437,1298463.36063,PEHOWA
3603,ISMAILABAD,KURUKSHETRA,HARYANA,SALPANI KALAN,12913.6560001,9041598.87455,THANESAR
3604,ISMAILABAD,KURUKSHETRA,HARYANA,JHIVREHRI,7034.95799951,2823409.43126,
3605,THANESAR,KURUKSHETRA,HARYANA,PANWAN,9271.73056904,4014233.64153,THANESAR
3606,THANESAR,KURUKSHETRA,HARYANA,HANSANPUR,7772.06255248,2574837.06402,THANESAR
3607,SHAHABAD,KURUKSHETRA,HARYANA,BIBIPUR,8912.38174936,3829953.61883,SHAHABAD
3608,THANESAR,KURUKSHETRA,HARYANA,AJRANA KALAN,15058.1214405,11107378.7242,THANESAR
3609,SHAHABAD,KURUKSHETRA,HARYANA,TANGOR,10951.3048363,6154548.57437,SHAHABAD
3610,ISMAILABAD,KURUKSHETRA,HARYANA,JHANSA,22722.1517402,16866511.6234,ISMAILABAD
3611,SHAHABAD,KURUKSHETRA,HARYANA,TANGORI,8530.68507273,3294001.62958,SHAHABAD
3612,ISMAILABAD,KURUKSHETRA,HARYANA,SHANTI NAGAR KURDI,13084.1581422,8801052.71679,ISMAILABAD
3613,ISMAILABAD,KURUKSHETRA,HARYANA,BASANT PUR,10043.2143475,4423912.81682,ISMAILABAD
3614,SHAHABAD,KURUKSHETRA,HARYANA,BIJARPUR,6977.02661281,2008630.37894,SHAHABAD
3615,SHAHABAD,KURUKSHETRA,HARYANA,NALWI,19337.6995532,8445693.67063,SHAHABAD
3616,ISMAILABAD,KURUKSHETRA,HARYANA,MANDI,10379.849894,6211113.25881,PEHOWA
3617,PEHOWA,KURUKSHETRA,HARYANA,BACHAKI,7465.60548896,3177662.63801,PEHOWA
3618,PEHOWA,KURUKSHETRA,HARYANA,CHANALHERI,12204.6474098,7449458.587869999,PEHOWA
3619,THANESAR,KURUKSHETRA,HARYANA,LUKHI,23946.8566854,22185722.0665,THANESAR
3620,PEHOWA,KURUKSHETRA,HARYANA,SURMI,11417.0595291,7564148.91044,PEHOWA
3621,THANESAR,KURUKSHETRA,HARYANA,BAGTHALA,16535.5722205,10488893.5971,THANESAR
3622,THANESAR,KURUKSHETRA,HARYANA,LOHAR MAJRA,10189.1023467,4417076.1458,PEHOWA
3623,THANESAR,KURUKSHETRA,HARYANA,JOSAR,16158.1987548,11454248.9909,THANESAR
3624,THANESAR,KURUKSHETRA,HARYANA,MUNDA KHERA,6780.06217644,2788941.87329,THANESAR
3625,THANESAR,KURUKSHETRA,HARYANA,NARKATARI,5434.12762918,1376601.29762,THANESAR
3626,THANESAR,KURUKSHETRA,HARYANA,MIRZAPUR,17929.0855521,7150278.90678,THANESAR
3627,THANESAR,KURUKSHETRA,HARYANA,GULABGARH,4723.03015259,1189869.16037,THANESAR
3628,THANESAR,KURUKSHETRA,HARYANA,BARWA,9610.59270899,5404726.39754,THANESAR
3629,THANESAR,KURUKSHETRA,HARYANA,BARNA,14347.4388859,10346339.8137,THANESAR
3630,PEHOWA,KURUKSHETRA,HARYANA,JHINWARHERI,4664.64965543,880077.545416,PEHOWA
3631,PEHOWA,KURUKSHETRA,HARYANA,BHOR SAIDAN,16870.676559,8185077.768410001,PEHOWA
3632,PEHOWA,KURUKSHETRA,HARYANA,MUQIMPUR,7169.95022921,1765642.87512,PEHOWA
3633,PEHOWA,KURUKSHETRA,HARYANA,TAKORAN,6666.98039232,2317042.13791,PEHOWA
3634,PEHOWA,KURUKSHETRA,HARYANA,NIKAT PURA,7076.2166238,2666650.26968,PEHOWA
3635,THANESAR,KURUKSHETRA,HARYANA,KHIJARPURA,7564.38327186,2482797.06966,PEHOWA
3636,PEHOWA,KURUKSHETRA,HARYANA,SINGHPURA,4924.45519778,1076693.71115,PEHOWA
3637,PEHOWA,KURUKSHETRA,HARYANA,BIBIPUR KALAN,10052.5830781,5701380.01761,PEHOWA
3638,PEHOWA,KURUKSHETRA,HARYANA,SAINSA,10559.2352764,4783550.96871,PEHOWA
3639,PEHOWA,KURUKSHETRA,HARYANA,MURTZAPUR,18697.7190815,11495571.7873,PEHOWA
3640,PEHOWA,KURUKSHETRA,HARYANA,BALOCHPURA,7695.20303989,3152947.93942,PEHOWA
3641,PEHOWA,KURUKSHETRA,HARYANA,SANDHOLI,14077.7365226,8847489.44628,PEHOWA
3642,PEHOWA,KURUKSHETRA,HARYANA,SANDHOLA,11192.6303483,6541942.21832,PEHOWA
3643,PEHOWA,KURUKSHETRA,HARYANA,ASMANPUR,10034.0525685,6064425.6942,PEHOWA
3644,PEHOWA,KURUKSHETRA,HARYANA,ARNAICHA,8556.22079039,4385954.64708,PEHOWA
3645,PEHOWA,KURUKSHETRA,HARYANA,PEHOWA,17153.9774787,10979092.7381,PEHOWA
3646,PEHOWA,KURUKSHETRA,HARYANA,DHANI RAMPURA,7686.74044019,3230130.48181,PEHOWA
3647,PEHOWA,KURUKSHETRA,HARYANA,URNAI,15623.5246881,8611144.93856,PEHOWA
3648,PEHOWA,KURUKSHETRA,HARYANA,SURASWATI KHERA,10761.4098749,5618214.99464,PEHOWA
3649,PEHOWA,KURUKSHETRA,HARYANA,TALEHERI,10968.8966317,5611504.19679,PEHOWA
3650,ISMAILABAD,KURUKSHETRA,HARYANA,KANTHLA,9489.45827171,4703113.57988,PEHOWA
3651,PEHOWA,KURUKSHETRA,HARYANA,NAISI,13819.5071029,7548511.24911,ISMAILABAD
3652,PEHOWA,KURUKSHETRA,HARYANA,GANGHERI,7424.71501532,3506768.81409,PEHOWA
3653,ISMAILABAD,KURUKSHETRA,HARYANA,JALBEHRA,12444.7711901,5880516.582129999,ISMAILABAD
3654,ISMAILABAD,KURUKSHETRA,HARYANA,THASKA MIRANJI,15031.6130137,10121028.5475,ISMAILABAD
3655,PEHOWA,KURUKSHETRA,HARYANA,JAKHWALA,11480.5775477,5545769.41788,ISMAILABAD
3656,PEHOWA,KURUKSHETRA,HARYANA,TEOKAR,8203.35391205,2772807.27122,PEHOWA
3657,PEHOWA,KURUKSHETRA,HARYANA,BODNI,13282.8315124,9194751.0455,PEHOWA
3658,PEHOWA,KURUKSHETRA,HARYANA,JULMAT,6864.24961476,2469175.7421,PEHOWA
3659,PEHOWA,KURUKSHETRA,HARYANA,KALSA,13036.1344974,9450232.55118,PEHOWA
3660,PEHOWA,KURUKSHETRA,HARYANA,MOHANPUR,15397.5785131,6495382.390350001,PEHOWA
3661,PEHOWA,KURUKSHETRA,HARYANA,SHAHPUR,6137.49904464,2067592.81016,PEHOWA
3662,PEHOWA,KURUKSHETRA,HARYANA,ISHAK,17189.3530489,12958018.8978,PEHOWA
3663,PEHOWA,KURUKSHETRA,HARYANA,SIYANA SAIDAN,14542.1099571,11715905.3415,PEHOWA
3664,PEHOWA,KURUKSHETRA,HARYANA,JORASI KHURD,7194.37359496,2357288.29668,PEHOWA
3665,PEHOWA,KURUKSHETRA,HARYANA,JORASI KALAN,8812.20182394,4501347.4238,PEHOWA
3666,PEHOWA,KURUKSHETRA,HARYANA,TIKRI,6769.34423208,2475473.65562,PEHOWA
3667,PEHOWA,KURUKSHETRA,HARYANA,MORTHALI,9692.58024839,4884376.71861,PEHOWA
3668,PEHOWA,KURUKSHETRA,HARYANA,JHINWARHERI (28),9754.352692,4154655.20422,THANESAR
3669,PEHOWA,KURUKSHETRA,HARYANA,BAKHLI,20297.1792384,18358566.0552,PEHOWA
3670,PEHOWA,KURUKSHETRA,HARYANA,SATORA,9617.76153993,3042965.67506,PEHOWA
3671,PEHOWA,KURUKSHETRA,HARYANA,GULDEHRA,16731.6745408,9189290.51623,PEHOWA
3672,PEHOWA,KURUKSHETRA,HARYANA,KHERI SHISHGRAN,13514.4791182,6566280.57349,PEHOWA
3673,PEHOWA,KURUKSHETRA,HARYANA,KARAHA,16883.4628772,10964343.528,PEHOWA
3674,PEHOWA,KURUKSHETRA,HARYANA,HELWA,9665.70220556,3220190.44031,PEHOWA
3675,SHAHABAD,KURUKSHETRA,HARYANA,SUDHPUR,11873.0433124,6260224.99375,THANESAR
3676,SHAHABAD,KURUKSHETRA,HARYANA,ATWAN,6497.29144354,2484461.44331,SHAHABAD
3677,SHAHABAD,KURUKSHETRA,HARYANA,BARAM,9581.75868582,5788029.94338,THANESAR
3678,SHAHABAD,KURUKSHETRA,HARYANA,KHERA,10246.854364,2460182.2196,SHAHABAD
3679,SHAHABAD,KURUKSHETRA,HARYANA,KATLAHERI,10717.445567,5334210.79866,SHAHABAD
3680,SHAHABAD,KURUKSHETRA,HARYANA,AHMADPUR,5873.60720429,1598788.17836,SHAHABAD
3681,PIPLI,KURUKSHETRA,HARYANA,DHIRPUR,6928.01918265,2714399.69827,THANESAR
3682,PIPLI,KURUKSHETRA,HARYANA,SARAI SUKHI,7534.75328246,3624751.90321,SHAHABAD
3683,SHAHABAD,KURUKSHETRA,HARYANA,RAWALKHERI,5373.46006907,1605172.33388,SHAHABAD
3684,PIPLI,KURUKSHETRA,HARYANA,KANIPALA,9973.09200019,5551086.90962,THANESAR
3685,SHAHABAD,KURUKSHETRA,HARYANA,CHANARTHAL,8540.30210262,4366448.63644,SHAHABAD
3686,SHAHABAD,KURUKSHETRA,HARYANA,DHANTORI,7862.18248806,2778270.45293,SHAHABAD
3687,PIPLI,KURUKSHETRA,HARYANA,MASANA,8950.51076448,4499339.9433,THANESAR
3688,PIPLI,KURUKSHETRA,HARYANA,DUDHLA,9316.37232673,3954119.93319,THANESAR
3689,PIPLI,KURUKSHETRA,HARYANA,BIR CHHAPAR,10753.2482682,4460228.30579,SHAHABAD
3690,SHAHABAD,KURUKSHETRA,HARYANA,MACHHRAULI,10185.5105863,5029201.74777,SHAHABAD
3691,SHAHABAD,KURUKSHETRA,HARYANA,KHARINDWA,15819.2385133,12280944.018699998,SHAHABAD
3692,BABAIN,KURUKSHETRA,HARYANA,SUJRI,5663.69325659,1417379.15586,BABAIN
3693,BABAIN,KURUKSHETRA,HARYANA,MANDOKHARA,5320.1726303,895698.909866,BABAIN
3694,BABAIN,KURUKSHETRA,HARYANA,JAL KHERI,10146.0737987,4206750.73505,THANESAR
3695,BABAIN,KURUKSHETRA,HARYANA,RAMNAGAR-156,7432.09710609,2406443.83419,BABAIN
3696,BABAIN,KURUKSHETRA,HARYANA,KASITHAL,7759.09507799,1957773.51842,BABAIN
3697,BABAIN,KURUKSHETRA,HARYANA,RAMPURA,9470.06220736,3088105.15267,BABAIN
3698,BABAIN,KURUKSHETRA,HARYANA,KALAL MAJRA,6136.07160592,1915016.16526,THANESAR
3699,BABAIN,KURUKSHETRA,HARYANA,MIRECHAHERI,7754.43432435,2823250.19331,THANESAR
3700,PIPLI,KURUKSHETRA,HARYANA,MORTHALA,7901.57047786,3775659.29427,THANESAR
3701,BABAIN,KURUKSHETRA,HARYANA,BANGARO,4793.09897385,1190002.21973,THANESAR
3702,PIPLI,KURUKSHETRA,HARYANA,BODLA,8496.18846311,4576466.01144,THANESAR
3703,BABAIN,KURUKSHETRA,HARYANA,BAGRAT,12946.2522341,3672881.35193,BABAIN
3704,BABAIN,KURUKSHETRA,HARYANA,BHAGWANPUR,7905.39372967,2539708.71857,BABAIN
3705,BABAIN,KURUKSHETRA,HARYANA,BABAIN,20508.7651581,6764094.06052,BABAIN
3706,BABAIN,KURUKSHETRA,HARYANA,RURKI,11399.6641898,3790425.68608,BABAIN
3707,BABAIN,KURUKSHETRA,HARYANA,JALALUDIN MAJRA,9371.02107839,3313201.0329,LADWA
3708,BABAIN,KURUKSHETRA,HARYANA,LOHARA,7184.83862938,2694426.9334,BABAIN
3709,PIPLI,KURUKSHETRA,HARYANA,BIRKHAIRI,11729.2093383,3868382.28951,THANESAR
3710,LADWA,KURUKSHETRA,HARYANA,SONTI,1212.64603525,79488.73540400002,
3711,LADWA,KURUKSHETRA,HARYANA,BIR SONTI,16089.397729,4228431.14889,THANESAR
3712,LADWA,KURUKSHETRA,HARYANA,NIWARSI,17992.1106822,9474003.49594,LADWA
3713,LADWA,KURUKSHETRA,HARYANA,BARAICHPUR,6088.63739633,1480499.78519,LADWA
3714,LADWA,KURUKSHETRA,HARYANA,DABKHERA,12564.9102972,2548330.21371,LADWA
3715,LADWA,KURUKSHETRA,HARYANA,BAPDI,9355.41785624,2814994.99552,LADWA
3716,LADWA,KURUKSHETRA,HARYANA,LATHI DHANAURA,5712.92335524,1598674.99482,LADWA
3717,LADWA,KURUKSHETRA,HARYANA,BAPDA,6900.76870802,2456268.28387,LADWA
3718,LADWA,KURUKSHETRA,HARYANA,BUDHA,10102.4333431,3030365.08333,LADWA
3719,LADWA,KURUKSHETRA,HARYANA,BAN,14405.7961088,8170136.43056,LADWA
3720,LADWA,KURUKSHETRA,HARYANA,LADWA,12877.8521535,5991998.03822,LADWA
3721,LADWA,KURUKSHETRA,HARYANA,BAKALI,9549.18415535,4725826.65539,LADWA
3722,LADWA,KURUKSHETRA,HARYANA,DEHRA,8144.95537637,2996029.07864,LADWA
3723,BABAIN,KURUKSHETRA,HARYANA,RAMNAGAR-112,6686.5457444,2274876.05109,BABAIN
3724,BABAIN,KURUKSHETRA,HARYANA,KALIRANO,7612.18800194,1911683.26427,BABAIN
3725,BABAIN,KURUKSHETRA,HARYANA,BHAINI,8327.76160449,1779525.19986,BABAIN
3726,LADWA,KURUKSHETRA,HARYANA,HALAL PUR,5656.43245859,1943519.88193,LADWA
3727,LADWA,KURUKSHETRA,HARYANA,PRAHLADPUR,5884.35950072,833149.129609,LADWA
3728,LADWA,KURUKSHETRA,HARYANA,DHANAURA JATTAN,15079.6672844,4880637.46617,LADWA
3729,LADWA,KURUKSHETRA,HARYANA,BAHLOLPUR,6484.69234617,1951053.04955,LADWA
3730,LADWA,KURUKSHETRA,HARYANA,SULTANPUR,10045.5274465,2441585.24253,LADWA
3730,BABAIN,KURUKSHETRA,HARYANA,BHUKHRI,4683.08894096,1499436.97973,BABAIN
3732,BABAIN,KURUKSHETRA,HARYANA,JANDAULA,5348.27666483,1955945.8522,BABAIN
3733,BABAIN,KURUKSHETRA,HARYANA,MEHUWA KHERI,5823.2150756,1868703.24118,LADWA
3734,BABAIN,KURUKSHETRA,HARYANA,NAKHROJPUR,4206.48028902,986889.113758,LADWA
3735,LADWA,KURUKSHETRA,HARYANA,BHARTHAULI,1374.10496502,65419.2760127,LADWA
3736,BABAIN,KURUKSHETRA,HARYANA,SANGHOR,11003.8427884,6712723.777970001,BABAIN
3737,BABAIN,KURUKSHETRA,HARYANA,PHALSAKDA RANGRAN,3725.51027184,805310.864215,BABAIN
3738,BABAIN,KURUKSHETRA,HARYANA,SIMBALWAL,4443.23918675,1007110.53521,BABAIN
3739,BABAIN,KURUKSHETRA,HARYANA,MANGAULI RANGRAN,8173.46799277,2513825.54056,BABAIN
3740,BABAIN,KURUKSHETRA,HARYANA,SUNARIAN,11412.6866827,4282413.97341,BABAIN
3741,BABAIN,KURUKSHETRA,HARYANA,GUHAN,6499.52877903,2005156.19177,BABAIN
3742,BABAIN,KURUKSHETRA,HARYANA,KANDOLI,9744.87075416,3546294.05519,BABAIN
3743,BABAIN,KURUKSHETRA,HARYANA,GHISARPARI,7083.29833674,2596419.87802,BABAIN
3744,BABAIN,KURUKSHETRA,HARYANA,SUJRA,6870.99228186,2009745.61643,BABAIN
3745,BABAIN,KURUKSHETRA,HARYANA,HARIPURA,12552.9340007,4086818.55143,BABAIN
3746,BABAIN,KURUKSHETRA,HARYANA,BIR SUJRA,17073.8196316,2375721.88503,BABAIN
3747,BABAIN,KURUKSHETRA,HARYANA,ISHERHERI,11021.1323794,4904562.38668,BABAIN
3748,BABAIN,KURUKSHETRA,HARYANA,BERTHALA,8220.46625795,3695459.6955,BABAIN
3749,SHAHABAD,KURUKSHETRA,HARYANA,JANDHERI,9402.63566052,4474716.6439,SHAHABAD
3750,SHAHABAD,KURUKSHETRA,HARYANA,DEEG,12294.2076516,5860785.4284,SHAHABAD
3751,SHAHABAD,KURUKSHETRA,HARYANA,BAKANA,11935.8885098,8514696.33427,SHAHABAD
3752,SHAHABAD,KURUKSHETRA,HARYANA,CHARUNI JATTAN,10320.7673685,6365134.361589999,SHAHABAD
3753,SHAHABAD,KURUKSHETRA,HARYANA,TEORA,10643.2601876,6158548.797050001,SHAHABAD
3754,SHAHABAD,KURUKSHETRA,HARYANA,HABANA,7194.92262312,2473174.64977,SHAHABAD
3755,SHAHABAD,KURUKSHETRA,HARYANA,DHAKALA,7071.82174895,2646411.26991,SHAHABAD
3756,SHAHABAD,KURUKSHETRA,HARYANA,MOHANPUR,6717.9775589,2448531.65827,
3757,SHAHABAD,KURUKSHETRA,HARYANA,DOLA MAJRA,2325.41481426,245460.683778,SHAHABAD
3758,SHAHABAD,KURUKSHETRA,HARYANA,KISHANGARH,8010.33446246,2203446.66444,SHAHABAD
3759,SHAHABAD,KURUKSHETRA,HARYANA,MADANPUR,5570.75258064,1616903.26034,SHAHABAD
3760,SHAHABAD,KURUKSHETRA,HARYANA,GUMTI,6902.34971024,2534925.4508,SHAHABAD
3761,SHAHABAD,KURUKSHETRA,HARYANA,KALSANA,14085.6215618,8740126.16348,SHAHABAD
3762,SHAHABAD,KURUKSHETRA,HARYANA,CHHAPRA,4100.15307281,762151.687897,SHAHABAD
3763,SHAHABAD,KURUKSHETRA,HARYANA,SHAHJADPUR,8219.86888829,3909357.26272,SHAHABAD
3764,SHAHABAD,KURUKSHETRA,HARYANA,NAHAR MAJRA,5820.97744966,1203500.13789,SHAHABAD
3765,SHAHABAD,KURUKSHETRA,HARYANA,SULAKHNI,10002.7388638,4874870.16843,SHAHABAD
3766,SHAHABAD,KURUKSHETRA,HARYANA,KALIANA,7970.067558,3103628.04675,SHAHABAD
3767,SHAHABAD,KURUKSHETRA,HARYANA,DAU MAJRA,8591.47571875,2908084.91367,SHAHABAD
3768,SHAHABAD,KURUKSHETRA,HARYANA,GORIPUR,6359.71773166,1501199.28349,SHAHABAD
3769,SHAHABAD,KURUKSHETRA,HARYANA,KALSANI,6304.4844515,1943118.32339,SHAHABAD
3770,SHAHABAD,KURUKSHETRA,HARYANA,MAMU MAJRA,7052.2001283,1988748.8003,SHAHABAD
3771,SHAHABAD,KURUKSHETRA,HARYANA,FATEHGARH JHAROLI,9200.95636999,3649340.83531,SHAHABAD
3772,SHAHABAD,KURUKSHETRA,HARYANA,SURAKHPUR,5837.11913315,1573359.04059,SHAHABAD
3773,THANESAR,KURUKSHETRA,HARYANA,SALPANI KHURD,8117.73561338,2689638.96785,THANESAR
3774,THANESAR,KURUKSHETRA,HARYANA,UDARSI,9885.63814616,4891824.63279,THANESAR
3775,THANESAR,KURUKSHETRA,HARYANA,AJRANI,7323.17857862,2478396.2824,THANESAR
3776,THASNESAR,KURUKSHETRA,HARYANA,DHAURALA,13956.8308632,7871838.7539,THANESAR
3777,THANESAR,KURUKSHETRA,HARYANA,HINGA KHERI,8494.87922084,3939290.80069,THANESAR
3778,THANESAR,KURUKSHETRA,HARYANA,GHAMUR KHERA,7097.70233133,2646341.06486,THANESAR
3779,THANESAR,KURUKSHETRA,HARYANA,DAB KHERI,8164.19716535,4262810.8865,THANESAR
3780,THANESAR,KURUKSHETRA,HARYANA,HANSALA,9649.86520506,4707368.06659,THANESAR
3781,THANESAR,KURUKSHETRA,HARYANA,DARA KHURD,9330.23149477,2175031.93142,THANESAR
3782,THANESAR,KURUKSHETRA,HARYANA,BHAWANI KHERA,7037.34688658,2643463.1575,THANESAR
3783,THANESAR,KURUKSHETRA,HARYANA,BAHADURPURA,7260.44724498,2664008.65956,THANESAR
3784,PIPLI,KURUKSHETRA,HARYANA,SIRSALA,10641.5615876,7210681.05474,THANESAR
3785,PIPLI,KURUKSHETRA,HARYANA,ISHARGARH,9747.241369,4338558.30583,THANESAR
3786,PIPLI,KURUKSHETRA,HARYANA,KOLAPUR,7373.22973396,2504047.71365,THANESAR
3787,PIPLI,KURUKSHETRA,HARYANA,BOHLI,11324.7357161,4741963.00495,THANESAR
3788,THANESAR,KURUKSHETRA,HARYANA,BAHRI,8873.38856112,3506486.19899,THANESAR
3789,THANESAR,KURUKSHETRA,HARYANA,BIR AMIN,15297.3432691,7039007.861870001,THANESAR
3790,THANESAR,KURUKSHETRA,HARYANA,KHASPUR,6859.94315269,1766441.10032,THANESAR
3791,PIPLI,KURUKSHETRA,HARYANA,JIRBARI,8786.90699286,3067338.5951,THANESAR
3792,THANESAR,KURUKSHETRA,HARYANA,AMIN,21629.4871542,16114772.769,THANESAR
3793,PIPLI,KURUKSHETRA,HARYANA,UMRI,18708.7725431,14553230.6937,THANESAR
3794,PIPLI,KURUKSHETRA,HARYANA,SODHI,4911.8282846,1303647.67285,THANESAR
3795,PIPLI,KURUKSHETRA,HARYANA,JHINWARNERI(413),7155.3744795,2521870.52874,THANESAR
3796,PIPLI,KURUKSHETRA,HARYANA,BODHI,6738.48442162,1638501.59196,THANESAR
3797,PIPLI,KURUKSHETRA,HARYANA,KHERI GADIAN,8911.0157664,2080336.43136,THANESAR
3798,PIPLI,KURUKSHETRA,HARYANA,KARAHAMI,8769.59499669,2954711.90188,THANESAR
3799,LADWA,KURUKSHETRA,HARYANA,GADLI,10373.0758264,3155213.95463,LADWA
3800,LADWA,KURUKSHETRA,HARYANA,SALEMPUR,6149.05580414,2046430.95018,LADWA
3801,LADWA,KURUKSHETRA,HARYANA,BARAUT,7334.94729761,2673465.38066,LADWA
3802,LADWA,KURUKSHETRA,HARYANA,GOVIND GARH,6427.27444946,1848277.5676,LADWA
3803,LADWA,KURUKSHETRA,HARYANA,BARAUNDI,5863.78913754,1671677.89904,LADWA
3804,LADWA,KURUKSHETRA,HARYANA,BARAUNDA,6944.45000683,2776516.26361,LADWA
3805,LADWA,KURUKSHETRA,HARYANA,BHUT MAJRA,5742.42159834,1641136.01927,LADWA
3806,LADWA,KURUKSHETRA,HARYANA,MURAD NAGAR,7355.82704434,2428976.40523,LADWA
3807,LADWA,KURUKSHETRA,HARYANA,BADARPUR,7631.24766225,1830440.60612,LADWA
3808,LADWA,KURUKSHETRA,HARYANA,BANI,7761.47198302,2643582.26014,LADWA
3809,LADWA,KURUKSHETRA,HARYANA,CHHALAUNDI,11140.4290436,5241219.28312,LADWA
3810,LADWA,KURUKSHETRA,HARYANA,JANDHERA,8641.48584392,3120050.96939,LADWA
3811,LADWA,KURUKSHETRA,HARYANA,BARSHAMI,4368.38436525,1059112.23242,LADWA
3812,LADWA,KURUKSHETRA,HARYANA,SURA,4691.33398235,1056877.57692,LADWA
3813,LADWA,KURUKSHETRA,HARYANA,KHERI DABDALAN,9269.97638915,4072829.95825,LADWA
3814,LADWA,KURUKSHETRA,HARYANA,MEHRA,11327.8290916,6764608.1012,LADWA
3815,LADWA,KURUKSHETRA,HARYANA,GUDHA,13583.2601777,7394393.91723,LADWA
3816,LADWA,KURUKSHETRA,HARYANA,BIR BHARTAULI,6935.69552309,1121684.2131,LADWA
3817,LADWA,KURUKSHETRA,HARYANA,GAJLANA,10602.5498628,3964629.10195,LADWA
3818,BABAIN,KURUKSHETRA,HARYANA,BIR MANGAULI RANGAN,5808.83336574,1129327.66444,BABAIN
3819,BABAIN,KURUKSHETRA,HARYANA,LAKHMADI,9607.64799146,4859088.33036,BABAIN
3820,BABAIN,KURUKSHETRA,HARYANA,BUHAVI,10008.5537132,3907475.08835,BABAIN
3821,BABAIN,KURUKSHETRA,HARYANA,BUHAWA,8538.1394325,3416021.15619,SHAHABAD
3822,SHAHABAD,KURUKSHETRA,HARYANA,YARA,11595.386237,8188864.35448,SHAHABAD
3823,SHAHABAD,KURUKSHETRA,HARYANA,DHANGALI,8521.23478016,4242916.04792,SHAHABAD
3824,SHAHABAD,KURUKSHETRA,HARYANA,RAWA,12222.4907689,6610138.6742,SHAHABAD
3825,SHAHABAD,KURUKSHETRA,HARYANA,DAMLI,8495.15884375,2729958.17324,SHAHABAD
3826,SHAHABAD,KURUKSHETRA,HARYANA,TAGRA,2777.56970281,507108.466238,SHAHABAD
3827,SHAHABAD,KURUKSHETRA,HARYANA,LANDI,10770.5817735,4047517.54976,SHAHABAD
3828,SHAHABAD,KURUKSHETRA,HARYANA,MOHRI,7420.25581393,3427876.71214,SHAHABAD
3829,SHAHABAD,KURUKSHETRA,HARYANA,CHHORPUR,7386.69664056,2549205.64403,SHAHABAD
3830,SHAHABAD,KURUKSHETRA,HARYANA,SAMALKHI,9499.57491524,4765652.99122,SHAHABAD
3831,SHAHABAD,KURUKSHETRA,HARYANA,HALDAHERI,5446.48721024,1638271.85835,SHAHABAD
3832,SHAHABAD,KURUKSHETRA,HARYANA,SAIDPUR BARWALA,4681.7098851,1265064.79013,SHAHABAD
3833,SHAHABAD,KURUKSHETRA,HARYANA,BUKHAR MAJRA,5820.33737436,1736314.74521,SHAHABAD
3834,SHAHABAD,KURUKSHETRA,HARYANA,GOLPURA,6891.66383633,2854675.82033,SHAHABAD
3835,ISMAILABAD,KURUKSHETRA,HARYANA,THAROLI,7323.63767505,2854636.75437,SHAHABAD
3836,ISMAILABAD,KURUKSHETRA,HARYANA,THASKA ALI,9889.9178957,5540912.63903,SHAHABAD
3837,SHAHABAD,KURUKSHETRA,HARYANA,RAI MAJRA,7126.54734008,1775061.95298,SHAHABAD
3838,ISMAILABAD,KURUKSHETRA,HARYANA,SHEKHPUR CHAMUN,5974.97425929,1029524.2133,ISMAILABAD
3839,ISMAILABAD,KURUKSHETRA,HARYANA,FATEHGARH CHAMMU,7109.45479492,1670453.39385,ISMAILABAD
3840,ISMAILABAD,KURUKSHETRA,HARYANA,CHAMMU,12303.9398974,6320761.95162,ISMAILABAD
3841,LADWA,KURUKSHETRA,HARYANA,KHARKALI,12243.3873785,2827708.8879,LADWA
3842,LADWA,KURUKSHETRA,HARYANA,CHHAPRA,6099.74392594,2048470.09217,LADWA
3843,LADWA,KURUKSHETRA,HARYANA,BARTAULI,14404.5823886,6503559.85634,
3844,BABAIN,KURUKSHETRA,HARYANA,MANGAULI JATTAN,10163.9834349,4876296.001,BABAIN
3845,ISMAILABAD,KURUKSHETRA,HARYANA,THOL,24735.1846839,15231456.9433,ISMAILABAD
3846,THANESAR,KURUKSHETRA,HARYANA,GHARARSI,10996.5654249,6328598.38482,THANESAR
3847,THANESAR,KURUKSHETRA,HARYANA,PINDARSI,7504.31904966,3389690.18843,THANESAR
3848,PEHOWA,KURUKSHETRA,HARYANA,SARSA,20658.2231004,14780786.915500002,PEHOWA
3849,PEHOWA,KURUKSHETRA,HARYANA,RUAN,9734.91299211,6560905.00004,PEHOWA
3850,PEHOWA,KURUKSHETRA,HARYANA,BATHERI,10293.1850121,6939204.09002,PEHOWA
3851,PEHOWA,KURUKSHETRA,HARYANA,THEH MALBORA,13921.2831604,5764398.46158,PEHOWA
3852,PEHOWA,KURUKSHETRA,HARYANA,GUMTHALA GARHU,31172.430022,24826877.0376,PEHOWA
3853,PEHOWA,KURUKSHETRA,HARYANA,THANA,17187.4112707,17011199.5507,PEHOWA
3854,PEHOWA,KURUKSHETRA,HARYANA,MANGNA,11374.6227554,5678518.02586,PEHOWA
3855,PEHOWA,KURUKSHETRA,HARYANA,SEONSAR,16486.6774663,10547524.5032,PEHOWA
3856,PEHOWA,KURUKSHETRA,HARYANA,RAMGARH ROD,13447.5049641,10218747.245,PEHOWA
3857,PEHOWA,KURUKSHETRA,HARYANA,RATTANGARH URF KAKRALI,9847.1595515,5132822.27442,PEHOWA
3858,PEHOWA,KURUKSHETRA,HARYANA,KAKRALA GUJRAN,10618.9935125,4702932.68789,PEHOWA
3859,PEHOWA,KURUKSHETRA,HARYANA,DIWANA,16324.1080698,14257915.6212,PEHOWA
3860,PEHOWA,KURUKSHETRA,HARYANA,ADHOYA,14534.9666571,9629755.22233,PEHOWA
3861,SHAHABAD,KURUKSHETRA,HARYANA,SALEMPUR,6171.93393701,2237103.71009,SHAHABAD
3862,SHAHABAD,KURUKSHETRA,HARYANA,PADLU,9664.49216652,4669544.4782,SHAHABAD
3863,SHAHABAD,KURUKSHETRA,HARYANA,JHAMRA SHAHABAD,17288.0877105,13406086.3331,SHAHABAD
3864,SHAHABAD,KURUKSHETRA,HARYANA,RAVI,3494.19803324,752480.328417,SHAHABAD
3865,SHAHABAD,KURUKSHETRA,HARYANA,RAMNAGAR,15622.3292572,9091186.35995,SHAHABAD
3866,SHAHABAD,KURUKSHETRA,HARYANA,PATI BORIPUR,2971.77230415,507208.22391,SHAHABAD
3867,SHAHABAD,KURUKSHETRA,HARYANA,DADLU,5638.9193764,2100750.39992,SHAHABAD
3868,BABAIN,KURUKSHETRA,HARYANA,KALWA,9910.8883828,3119787.43453,
3869,LADWA,KURUKSHETRA,HARYANA,JOGI MAJRA,6882.38277775,1511792.92505,LADWA
3870,PEHOWA,KURUKSHETRA,HARYANA,BODHA,6595.13257623,1861988.41993,PEHOWA
3871,PEHOWA,KURUKSHETRA,HARYANA,TANGAULI,9894.15279972,2756083.28556,ISMAILABAD
3872,PEHOWA,KURUKSHETRA,HARYANA,HARIGARH,16759.5708299,13255096.983699998,
3873,PEHOWA,KURUKSHETRA,HARYANA,MANDHARAN,6137.193935,1550066.19378,
3874,ISMAILABAD,KURUKSHETRA,HARYANA,SHERGARH,4733.57686846,1283978.231,ISMAILABAD
3875,ISMAILABAD,KURUKSHETRA,HARYANA,THANDRAN,5096.37580653,1383431.5532,ISMAILABAD
3876,ISMAILABAD,KURUKSHETRA,HARYANA,ISMAILPUR,7534.44579532,1636496.93819,ISMAILABAD
3877,ISMAILABAD,KURUKSHETRA,HARYANA,ISMAILABAD,16650.3779878,11217670.8868,ISMAILABAD
3878,ISMAILABAD,KURUKSHETRA,HARYANA,KUMHAR MAJRA,5636.72227808,1496138.66962,ISMAILABAD
3879,BABAIN,KURUKSHETRA,HARYANA,KHAIRA,6377.17941837,2529973.74863,BABAIN
3880,BABAIN,KURUKSHETRA,HARYANA,TATKI,8308.47794789,2506067.58609,BABAIN
3881,BABAIN,KURUKSHETRA,HARYANA,KHAIRI,12098.9610865,6045955.21006,BABAIN
3882,SHAHABAD,KURUKSHETRA,HARYANA,FATEHGARH ATTRI,7159.47573995,1510274.4258,SHAHABAD
3883,SHAHABAD,KURUKSHETRA,HARYANA,KATHWA,10253.6351619,3240320.83121,SHAHABAD
3884,ISMAILABAD,KURUKSHETRA,HARYANA,AJRANA KHURD,12234.3737751,7803673.291389999,THANESAR
3885,ISMAILABAD,KURUKSHETRA,HARYANA,BHUSTHALA,10543.0187452,5058274.51933,ISMAILABAD
3886,ISMAILABAD,KURUKSHETRA,HARYANA,PIPLI MAJRA,8097.01551717,3364088.63077,ISMAILABAD
3887,ISMAILABAD,KURUKSHETRA,HARYANA,MEGHA MAJRA,7308.47286238,2339979.5529,PEHOWA
3888,ISMAILABAD,KURUKSHETRA,HARYANA,AZMATPUR,6738.34140111,1565451.17928,PEHOWA
3889,THANESAR,KURUKSHETRA,HARYANA,INDBARI,6466.26787813,2177678.76994,THANESAR
3890,PEHOWA,KURUKSHETRA,HARYANA,GARHI RORAN,8947.70579729,2441406.33224,PEHOWA
3891,THANESAR,KURUKSHETRA,HARYANA,SHAMASPUR,9771.35045425,3999564.25161,THANESAR
3892,THANESAR,KURUKSHETRA,HARYANA,RAMPURA,7152.68275219,1195871.19539,PEHOWA
3893,PEHOWA,KURUKSHETRA,HARYANA,SAILAN,10012.6457886,4852036.70705,
3894,THANESAR,KURUKSHETRA,HARYANA,KHANPUR RORAN,6494.58210784,2235828.43906,PEHOWA
3895,THANESAR,KURUKSHETRA,HARYANA,KAMODA,11779.54316,7438899.69288,PEHOWA
3896,THANESAR,KURUKSHETRA,HARYANA,BHAINSI MAJRA,12615.0895538,4632705.93837,PEHOWA